epoch,phase,train_loss,lr,latency_ms,accuracy,precision_macro,recall_macro,f1_macro,mean_iou,latency_mean_ms
1,phase1_head,1.422286353076574,0.01,158.68011162886611,0.6362264150943396,0.6359393783902537,0.636808452416663,0.6217587202708255,0.48548169132816565,1.450653018867617
2,phase1_head,0.9589588610896587,0.01,154.63499843814444,0.6452830188679245,0.6393973301967719,0.6475220768951211,0.6315225742009843,0.5254665200468505,1.4376413184907437
3,phase1_head,0.8294268836585764,0.01,153.60641676804133,0.6535849056603774,0.6625460853470794,0.6546703040310581,0.6576061388156588,0.534654235593219,1.4480474332076654
4,phase1_head,0.6955877372788728,0.01,155.14294378865964,0.6671698113207547,0.6674409813692547,0.6676803145670466,0.6575447703358337,0.5186871826761174,1.4520366686794557
5,phase1_head,0.5786127440757874,0.01,157.87850743299012,0.6452830188679245,0.6510663539549046,0.6504220731676884,0.6447793658573552,0.5202303075235126,1.452458331320726
6,phase1_head,0.4799435456144106,0.01,150.84559989690703,0.6656603773584906,0.6631802105598897,0.6663416725354525,0.6642724348959981,0.5356061957092991,1.452392390188954
7,phase2_full,0.6465865917762827,0.0005,224.71576905670108,0.8075471698113208,0.805683462643126,0.8076184811188153,0.8056858029944008,0.5661501396886723,1.450527366792246
8,phase2_full,0.28739385647261056,0.0005,216.8598439639179,0.8249056603773585,0.8337772914166441,0.8249783173470563,0.8265773235981204,0.5914280438521561,1.4489849366038539
9,phase2_full,0.19485781406961147,0.0005,216.64575617010308,0.8528301886792453,0.8558363091195392,0.8528675133602069,0.8514069241543304,0.608911423118047,1.4492827584902288
10,phase2_full,0.14868339748937176,0.0005,216.92435781443288,0.8566037735849057,0.8669923144919718,0.8531091074667604,0.8555114710729667,0.6192820263077627,1.4505343071707686
11,phase2_full,0.13883420541918653,0.0005,216.90512653092753,0.8633962264150944,0.8668827403155486,0.8630035476845206,0.8619797881613926,0.6264042915431959,1.4518586422633784
12,phase2_full,0.11932688222214784,0.0005,217.05099764433015,0.8769811320754717,0.8794948711132559,0.8776932249302073,0.877674314995906,0.6174951619823587,2.315255277736246
13,phase2_full,0.09134987583542024,0.0005,217.80118440721694,0.8732075471698113,0.8725710675794843,0.8742136289699081,0.872814819038086,0.6344777390459236,1.4500804716979747
14,phase2_full,0.077178302900557,0.0005,216.54881170103022,0.8588679245283019,0.8614328833018673,0.858936211074598,0.8596717580215862,0.6155380449996479,1.4521777532073035
15,phase2_full,0.07339352753582556,0.0005,217.21956859793872,0.8830188679245283,0.8843353414042708,0.8830191120052545,0.8832463255346988,0.6315747901973016,1.4510733773581792
16,phase2_full,0.11345743110995189,0.0005,217.19823058247385,0.8784905660377359,0.8795190767109183,0.8798035411674723,0.8786795129374024,0.6286199724547705,1.4956903962258434
17,phase2_full,0.09716008137384537,0.0005,217.74317910824757,0.8090566037735849,0.8428715037517558,0.8089977421813552,0.8070357660175919,0.630286233048394,1.4527958988682652
18,phase2_full,0.06734050508940904,0.0005,217.31035106701063,0.8913207547169811,0.8935764050599907,0.8925087736912213,0.8921301145322491,0.6422190888078426,1.4510416226410185
19,phase2_full,0.06532285822767737,0.0005,216.7775718556704,0.8958490566037736,0.8963339859682302,0.8968010775114384,0.8955920681691503,0.6485247177813414,1.4518556920755248
20,phase2_full,0.06671029690445289,0.0005,222.9757368608245,0.8928301886792452,0.8925786480924687,0.8932911705367843,0.8921202989321667,0.6496272953009268,1.448635668680511
21,phase2_full,0.05731976346482456,0.0005,217.41896730412395,0.8996226415094339,0.8998811727116462,0.9000586654626772,0.8993176907266163,0.6520709657134874,1.4513978883019691
22,phase2_full,0.044511923126322225,0.0005,217.18211653608273,0.9033962264150943,0.9031546591435429,0.90413930344034,0.9035225470585155,0.6550494485646311,1.4482329592453236
23,phase2_full,0.05781559767344591,0.0005,217.54454761855635,0.9056603773584906,0.906901800517446,0.9054861575550974,0.9055846403692185,0.6511375543137766,1.4531149916972868
24,phase2_full,0.04553477311854702,0.0005,219.93863511340103,0.900377358490566,0.902365206370486,0.9010407729165826,0.9001593416498597,0.6500795183506276,1.4508245486790399
25,phase2_full,0.041639435416570864,0.0005,215.57880344329834,0.8837735849056604,0.8872981608955348,0.8834057242389299,0.8835260475294971,0.6567542028033508,1.4495593177352415
26,phase2_full,0.09127453719849248,0.0005,217.1757969845355,0.8883018867924528,0.8930959345561444,0.8889399632147235,0.8895093915618583,0.6428328661198885,1.4492818233961684
27,phase2_full,0.06394852508723783,0.00025,216.89629194329848,0.8973584905660378,0.8975955083649374,0.8976957891978626,0.8972185090462663,0.6537636425068497,1.4509941645282762
28,phase2_full,0.03423423978681514,0.00025,216.83067140721627,0.9252830188679245,0.9250803775963623,0.9254182526429606,0.9250396421592629,0.6785707778118129,1.4510533562264205
29,phase2_full,0.02157786190780836,0.00025,221.0349420618574,0.9215094339622641,0.9210619730627376,0.9218994652237154,0.9213974668223301,0.6805803663072721,1.4498456943390852
30,phase2_full,0.017165420579038134,0.00025,216.60269831443085,0.9245283018867925,0.9244293789945963,0.9247440801646121,0.9245200720190665,0.6822743345112627,1.452756409811936
31,phase2_full,0.014557986703784888,0.00025,217.305990757732,0.9283018867924528,0.9281490160564582,0.9285605103343808,0.9283167231357361,0.6830169223234901,1.452236067168928
32,phase2_full,0.013956957934582388,0.00025,216.75760044329942,0.9275471698113208,0.9276750022630097,0.9278176466228467,0.9276967722559402,0.6857630366677383,1.4511249018859125
33,phase2_full,0.013584424115012707,0.00025,226.80371967010277,0.9230188679245283,0.9229462112412119,0.9232445913259306,0.9230824842632348,0.6894187710195218,1.4518540354714238
34,phase2_full,0.010708115767934507,0.00025,216.77435759278356,0.9290566037735849,0.9290706318963776,0.9294262436615025,0.9291060268403267,0.6912844308367315,1.4508756301891583
35,phase2_full,0.013166309640424367,0.00025,217.34712618556784,0.9192452830188679,0.9192043437739162,0.9197781081106505,0.9191556973085877,0.6863300332202101,1.4499500656594773
36,phase2_full,0.012531411746274394,0.00025,217.60595989690748,0.9252830188679245,0.9253138791879006,0.9259273249247396,0.9254125566979721,0.6916030782306531,1.4504150543390733
37,phase2_full,0.009799469778391027,0.00025,217.00010182989806,0.9290566037735849,0.929177942118876,0.9292619045783814,0.9291723918331659,0.6940777438007436,1.4509644981139127
38,phase2_full,0.009868140353029933,0.000125,228.2932539999998,0.9147169811320754,0.9149145249267614,0.9144546383282484,0.9146013758710632,0.6942550540112732,1.4504687547161905
39,phase2_full,0.009332063172476347,0.000125,217.72382305670195,0.9184905660377358,0.918565137354646,0.9187717734626762,0.9185885117653371,0.7000487897193657,1.450838539624114
40,phase2_full,0.007041440402152334,0.000125,217.55486698969003,0.9215094339622641,0.9216040301552703,0.9216367988020424,0.921575526084806,0.6995882913906057,1.451761499622835
41,phase2_full,0.006496153364865984,0.000125,217.11579915463938,0.9267924528301886,0.9270905586281364,0.926815125624939,0.9269187278941249,0.7005685307535361,1.45180308528376
